﻿project_code,project_name,budget_allocated,amount_spent,budget_balance
PC_1393,New Product Launch,15000.00,19130.00,-4130.00
PC_1394,Bi-annual staff welfare lunch (Jun),4800.00,4523.00,277.00
PC_1395,Acquire new warehouse space overseas,550000.00,151853.00,398147.00
PC_1396,New IT Equipment Purchase,45000.00,30000.00,15000.00
PC_1397,New user acquisition,12000.00,14000.00,-2000.00
PC_1398,Buy new truck for transportation,51000.00,45042.00,5958.00
PC_1399,Campaign 10.10,12000.00,9250.00,2750.00
PC_1400,2021 Management Trainee Recruitment,5000.00,3500.00,1500.00
PC_1401,Campaign 11.11,16000.00,18600.00,-2600.00
PC_1402,Bi-annual staff welfare lunch (Dec),4800.00,4500.00,300.00
PC_1403,Campaign 12.12,15000.00,14800.00,200.00
