﻿project_code,project_name,department_id,department_name,employee_id,employee_name,amount_spent,spending_date,date_submitted,project_start_date,project_end_date
PC_1393,New Product Launch,12-M,Marketing,12-1234,Alice Tan,6230.00,1-Sep-20,2-Sep-20,Sep-20,Jun-21
PC_1393,New Product Launch,15-S,Supply Chain,15-1243,Muhammad Ali,9400.00,16-Feb-21,20-Feb-21,Sep-20,Jun-21
PC_1393,New Product Launch,16-B,Business Development,16-1246,Samantha Ng,1500.00,20-May-21,21-May-21,Sep-20,Jun-21
PC_1393,New Product Launch,12-M,Marketing,12-0001,Ariel Ng,2000.00,10-Jun-21,11-Jun-21,Sep-20,Jun-21
PC_1394,Bi-annual staff welfare lunch (Jun),13-H,Human Resource,13-1237,Athena Ng ,4523.00,3-Jun-21,5-Jun-21,May-21,Jun-21
PC_1395,Acquire new warehouse space overseas,15-S,Supply Chain,15-1245,Joey Lim,5230.00,9-May-21,11-May-21,Mar-21,Aug-21
PC_1395,Acquire new warehouse space overseas,16-B,Business Development,16-1248,Clarice Tan,4623.00,3-Jul-21,7-Jul-21,Mar-21,Aug-21
PC_1395,Acquire new warehouse space overseas,14-F,Finance,14-1242,Natalie Lee,142000.00,2-Aug-21,5-Aug-21,Mar-21,Aug-21
PC_1396,New IT Equipment Purchase,17-IT,IT,17-1250,Trina Low,30000.00,6-Jun-21,8-Jun-21,Jun-21,Jun-21
PC_1397,New user acquisition,12-M,Marketing,12-1234,Alice Tan,2500.00,3-Jun-21,5-Jun-21,Jan-21,Dec-21
PC_1397,New user acquisition,12-M,Marketing,12-1236,John Wong,3000.00,8-Nov-21,9-Nov-21,Jan-21,Dec-21
PC_1397,New user acquisition,14-F,Finance,14-1240,Nicole Lim,8500.00,17-Nov-21,18-Nov-21,Jan-21,Dec-21
PC_1398,Buy new truck for transportation,14-F,Finance,14-1242,Natalie Lee,15.00,17-Jul-21,18-Jul-21,Jul-21,Sep-21
PC_1398,Buy new truck for transportation,14-F,Finance,14-1241,Michael Chua ,27.00,15-Sep-21,17-Sep-21,Jul-21,Sep-21
PC_1398,Buy new truck for transportation,15-S,Supply Chain,15-1244,Muthu Khatri,45000.00,22-Aug-21,26-Aug-21,Jul-21,Sep-21
PC_1399,Campaign 10.10,12-M,Marketing,12-1235,Tom Lim,6000.00,30-Jun-21,1-Jul-21,Oct-21,Oct-21
PC_1399,Campaign 10.10,15-S,Supply Chain,15-1243,Muhammad Ali,3250.00,1-Oct-21,5-Oct-21,Aug-21,Oct-21
PC_1400,2021 Management Trainee Recruitment,13-H,Human Resource,13-1239,Patricia Koh,3500.00,5-Sep-21,6-Sep-21,Sep-21,Nov-21
PC_1401,Campaign 11.11,12-M,Marketing,12-1235,Tom Lim,13200.00,30-Sep-21,1-Oct-21,Sep-21,Nov-21
PC_1401,Campaign 11.11,15-S,Supply Chain,15-1244,Muthu Khatri,5400.00,1-Nov-21,4-Nov-21,Sep-21,Nov-21
PC_1402,Bi-annual staff welfare lunch (Dec),13-H,Human Resource,13-1239,Patricia Koh,4500.00,25-Nov-21,27-Nov-21,Nov-21,Dec-21
PC_1403,Campaign 12.12,12-M,Marketing,12-1236,John Wong,10500.00,2-Nov-21,3-Nov-21,Oct-21,Dec-21
PC_1403,Campaign 12.12,15-S,Supply Chain,15-1245,Joey Lim,4300.00,14-Nov-21,15-Nov-21,Oct-21,Dec-21
